author_flair_css_class,num_reports,retrieved_on,view_count,is_original_content,is_reddit_media_domain,link_flair_text,user_reports,removed_by_category,pwls,is_crosspostable,author_flair_template_id,hide_score,visited,contest_mode,awarders,treatment_tags,link_flair_template_id,media,thumbnail_height,can_gild,clicked,id,top_awarded_type,gilded,report_reasons,permalink,locked,created_utc,approved_at_utc,media_only,subreddit_type,stickied,edited,domain,mod_reason_title,distinguished,location_name,link_flair_background_color,parent_whitelist_status,pinned,is_robot_indexable,quarantine,author_is_blocked,author_flair_background_color,score,title,ups,name,gildings,content_categories,link_flair_css_class,url_overridden_by_dest,subreddit_name_prefixed,mod_reason_by,author_flair_richtext,link_flair_type,banned_by,saved,subreddit_subscribers,author_premium,wls,over_18,thumbnail_width,spoiler,_meta,author_flair_text,num_comments,banned_at_utc,url,author_flair_text_color,created,subreddit,downs,is_self,removed_by,discussion_type,upvote_ratio,websocket_url,is_created_from_ads_ui,media_embed,link_flair_richtext,all_awardings,can_mod_post,allow_live_comments,author_patreon_flair,secure_media_embed,location_long,is_meta,likes,selftext,author,link_flair_text_color,mod_note,removal_reason,mod_reports,send_replies,thumbnail,author_fullname,secure_media,whitelist_status,hidden,category,approved_by,subreddit_id,author_flair_type,is_video,total_awards_received,num_crossposts,archived,suggested_sort,no_follow,location_lat
,,1774031961,,False,False,Question ❓,[],moderator,6,False,,False,False,False,[],[],01dbfb9a-dfc9-11eb-8cad-8e3dc5b8a997,,,False,False,1rz4ahz,,0,,/r/Meditation/comments/1rz4ahz/aphantasia_and_meditation/,False,1774031535,,False,public,False,False,self.Meditation,,,,#64c4c3,,False,False,False,False,,1,Aphantasia and Meditation,1,t3_1rz4ahz,{},,,,r/Meditation,,[],richtext,,False,3520974,False,6,False,,False,{'retrieved_2nd_on': 1774161168},,1,,https://www.reddit.com/r/Meditation/comments/1rz4ahz/aphantasia_and_meditation/,,1774031535,Meditation,0,True,,,1,wss://k8s-lb.wss.redditmedia.com/link/1rz4ahz?m=AQAAi97AadDvfvkbmwtf2gzgXNeikxMkmih27v7sZCOm_TMX9QA3,False,{},"[{'e': 'text', 't': 'Question ❓'}]",[],False,False,False,{},,False,,[removed],404lmageNotFound,light,,,[],True,self,t2_260rcjfcqk,,,False,,,t5_2qnc9,text,False,0,0,False,,True,
,,1773168315,,False,False,Question ❓,[],moderator,6,False,,False,False,False,[],[],01dbfb9a-dfc9-11eb-8cad-8e3dc5b8a997,,,False,False,1rq5i61,,0,,/r/Meditation/comments/1rq5i61/meditation_and_aphantasia/,False,1773168293,,False,public,False,False,self.Meditation,,,,#64c4c3,,False,False,False,False,,1,Meditation and Aphantasia,1,t3_1rq5i61,{},,,,r/Meditation,,[],richtext,,False,3519209,False,6,False,,False,{'retrieved_2nd_on': 1773297936},,2,,https://www.reddit.com/r/Meditation/comments/1rq5i61/meditation_and_aphantasia/,,1773168293,Meditation,0,True,,,1,,False,{},"[{'e': 'text', 't': 'Question ❓'}]",[],False,False,False,{},,False,,[removed],AlwaysSearching2026,light,,,[],True,self,t2_1so6dje57u,,,False,,,t5_2qnc9,text,False,0,0,False,,True,
,,1768741099,,False,False,Discussion 💬,[],,6,True,,False,False,False,[],[],e6f37416-dfc8-11eb-99ed-0e97a5ba53af,,,False,False,1qg7xg8,,0,,/r/Meditation/comments/1qg7xg8/aphantasia_and_meditationcreativity/,False,1768741081,,False,public,False,False,self.Meditation,,,,#dc9875,,False,True,False,False,,8,Aphantasia and meditation/creativity,8,t3_1qg7xg8,{},,,,r/Meditation,,[],richtext,,False,3509738,False,6,False,,False,"{'is_edited': True, 'retrieved_2nd_on': 1768870688}",,11,,https://www.reddit.com/r/Meditation/comments/1qg7xg8/aphantasia_and_meditationcreativity/,,1768741081,Meditation,0,True,,,0.8399999737739563,,False,{},"[{'e': 'text', 't': 'Discussion 💬'}]",[],False,False,False,{},,False,,"Hi everyone! I’ll be quick.

I think I’ve got aphantasia because people I talk to usually say they can actually visualize the thoughts in their head. When I close my eyes and I’m asked to imagine, for instance, a beach, I simply see the eigengrau/black color we usually see when we close our eyes and literally nothing else. 

It’s kinda sad, to be honest. I suppose people like Lynch have very high levels of internal visualization and, as an aspiring filmmaker, it’s a bit frustrating. Meditation doesn’t feel like “dodging” images, and there’s not even an inner world… it’s just blank eigengrau, a blank nothingness. It’s jarring and makes me feel worse thinking about it. 

Same goes for painting. I simply stare at the canvas and see white, nothing more. I imagine concepts, but can’t really visualize them. ",Such-Confusion-438,light,,,[],True,self,t2_v3c44q7fl,,,False,,,t5_2qnc9,text,False,0,0,False,,True,
,,1765416349,,False,False,Sharing / Insight 💡,[],,6,True,,False,False,False,[],[],1fa58456-dfcf-11eb-95a7-0e4bf0ef09f7,,,False,False,1pjkom7,,0,,/r/Meditation/comments/1pjkom7/aphantasia/,False,1765416331,,False,public,False,False,self.Meditation,,,,#ffd87d,,False,True,False,False,,3,Aphantasia,3,t3_1pjkom7,{},,,,r/Meditation,,[],richtext,,False,3500736,False,6,False,,False,{'retrieved_2nd_on': 1765545939},,4,,https://www.reddit.com/r/Meditation/comments/1pjkom7/aphantasia/,,1765416331,Meditation,0,True,,,1,,False,{},"[{'e': 'text', 't': 'Sharing / Insight 💡'}]",[],False,False,False,{},,False,,"I recently discovered that I have aphantasia. After some research I realised why I kept falling asleep during meditation. The inability to visualize was boring my mind, shutting it off and inevitably I was dozing off. I never knew that I couldn’t visualize until I found out about aphantasia lol.

Since then, I tried a different type of meditation that focuses on the body, the chakras, the breath, and I haven’t fallen asleep since. I feel like I’m finally getting the benefits of meditation. The mind is a crazy place! ",Horror-Persimmon4485,dark,,,[],True,self,t2_13kjugtl58,,,False,,,t5_2qnc9,text,False,0,0,False,,True,
,,1765231011,,False,False,Question ❓,[],,6,True,,False,False,False,[],[],01dbfb9a-dfc9-11eb-8cad-8e3dc5b8a997,,,False,False,1php7cn,,0,,/r/Meditation/comments/1php7cn/any_meditation_tips_for_someone_with_aphantasia/,False,1765229974,,False,public,False,False,self.Meditation,,,,#64c4c3,,False,True,False,False,,13,Any meditation tips for someone with aphantasia?,13,t3_1php7cn,{},,,,r/Meditation,,[],richtext,,False,3500373,False,6,False,,False,{'retrieved_2nd_on': 1765363622},,31,,https://www.reddit.com/r/Meditation/comments/1php7cn/any_meditation_tips_for_someone_with_aphantasia/,,1765229974,Meditation,0,True,,,1,,False,{},"[{'e': 'text', 't': 'Question ❓'}]",[],False,False,False,{},,False,,"Hey everyone,
I recently realised I have aphantasia — I can’t create mental images at all. A lot of meditation guides say things like “picture a beach,” “visualise a glowing light,” or “imagine the world opening up,” but my mind’s eye is completely blank, so I get stuck.

I can focus on concepts, emotions, physical sensations, and sounds, but anything visual just doesn’t happen. Does anyone else meditate with aphantasia? How do you adapt the usual techniques?

I’d really appreciate:
	•	non-visual meditation methods
	•	tips for guided meditations that don’t rely on imagery
	•	any apps or channels that work well for aphantasia
	•	personal experiences — what finally clicked for you?

Thanks in advance. I want to get into meditation for stress and grounding, but all the visualisation stuff throws me off.",AffectionateFish4589,light,,,[],True,self,t2_7cw1xrv6,,,False,,,t5_2qnc9,text,False,0,0,False,,False,
,,1761869934,,False,False,Question ❓,[],reddit,6,False,,False,False,False,[],[],01dbfb9a-dfc9-11eb-8cad-8e3dc5b8a997,,,False,False,1okg9ah,,0,,/r/Meditation/comments/1okg9ah/how_to_meditate_with_aphantasia/,False,1761869916,,False,public,False,False,self.Meditation,,,,#64c4c3,,False,False,False,False,,1,How to meditate with aphantasia?,1,t3_1okg9ah,{},,,,r/Meditation,,[],richtext,,False,3491789,False,6,False,,False,{'retrieved_2nd_on': 1761999523},,0,,https://www.reddit.com/r/Meditation/comments/1okg9ah/how_to_meditate_with_aphantasia/,,1761869916,Meditation,0,True,,,1,,False,{},"[{'e': 'text', 't': 'Question ❓'}]",[],False,False,False,{},,False,,[removed],No-Pomegranate7721,light,,,[],True,self,t2_1ydqx098vf,,,False,,,t5_2qnc9,text,False,0,0,False,,True,
,,1756126778,,False,False,Other,[],,6,True,,False,False,False,[],[],7164e2fc-dfd2-11eb-a5d6-0e09fea34ceb,,,False,False,1mzpswn,,0,,/r/Meditation/comments/1mzpswn/what_its_like_having_no_inner_monologue_and/,False,1756126759,,False,public,False,False,andrewarrow.dev,,,,#747a76,,False,True,False,False,,2,What It's Like Having No Inner Monologue and Aphantasia (a blind mind's eye) - PodPapyrus.,2,t3_1mzpswn,{},,,https://andrewarrow.dev/podpapyrus/summaries/8tQ2KcOhHiU.html,r/Meditation,,[],richtext,,False,3495709,False,6,False,,False,"{'removal_type': 'moderator', 'retrieved_2nd_on': 1756256367, 'was_deleted_later': True}",,2,,https://andrewarrow.dev/podpapyrus/summaries/8tQ2KcOhHiU.html,,1756126759,Meditation,0,False,,,1,,False,{},"[{'e': 'text', 't': 'Other'}]",[],False,False,False,{},,False,,,andrewfromx,light,,,[],True,default,t2_y9918,,,False,,,t5_2qnc9,text,False,0,0,False,,True,
,,1753709669,,False,False,Question ❓,[],,6,True,,False,False,False,[],[],01dbfb9a-dfc9-11eb-8cad-8e3dc5b8a997,,,False,False,1mbgbj6,,0,,/r/Meditation/comments/1mbgbj6/what_is_the_best_meditation_technique_for_someone/,False,1753709650,,False,public,False,False,self.Meditation,,,,#64c4c3,,False,True,False,False,,9,What is the best meditation technique for someone with aphantasia?,9,t3_1mbgbj6,{},,,,r/Meditation,,[],richtext,,False,3497678,False,6,False,,False,{'retrieved_2nd_on': 1753839262},,37,,https://www.reddit.com/r/Meditation/comments/1mbgbj6/what_is_the_best_meditation_technique_for_someone/,,1753709650,Meditation,0,True,,,0.8399999737739563,,False,{},"[{'e': 'text', 't': 'Question ❓'}]",[],False,False,False,{},,False,,"As you can infer, I have aphantasia, and I’ve been trying to dip my toes into the world of meditation. Most meditations I’ve found rely on visualization techniques, which I cannot do, and the one that appealed to me most, which was Transcendental Meditation, seems to be a scam hidden behind a huge paywall. What techniques, mantras, or other valuable information do you think would be useful to me? ",MalachiUnkConstant,light,,,[],True,self,t2_my92ri4w0,,,False,,,t5_2qnc9,text,False,0,0,False,,True,
,,1751731055,,False,False,Question ❓,[],,6,True,,False,False,False,[],[],01dbfb9a-dfc9-11eb-8cad-8e3dc5b8a997,,,False,False,1lsd42y,,0,,/r/Meditation/comments/1lsd42y/visualization_advice_i_dont_have_aphantasia/,False,1751731039,,False,public,False,False,self.Meditation,,,,#64c4c3,,False,True,False,False,,1,Visualization Advice? I (don't?) have aphantasia,1,t3_1lsd42y,{},,,,r/Meditation,,[],richtext,,False,3499429,False,6,False,,False,{'retrieved_2nd_on': 1751860653},,11,,https://www.reddit.com/r/Meditation/comments/1lsd42y/visualization_advice_i_dont_have_aphantasia/,,1751731039,Meditation,0,True,,,0.6700000166893005,,False,{},"[{'e': 'text', 't': 'Question ❓'}]",[],False,False,False,{},,False,,"Until very recently, I've thought I had aphantasia. While I had very vivid, colorful dreams and even daydreams, intentionally 'visualising' things has been completely impossible for me, until a few days ago.

I'd been trying to improve on the 'visualize an apple' test for a few consecutive days in an attempt to get any results when it happened. I'm still unable to get an apple, a rolling ball, or anything else I specifically focus to see, but I have gotten random splotches of color, seconds-long fragments of vivid dream sequences, or, in the weirdest cases, flying around PNG's of fictional characters from games I've played (Kris from Deltarune in the last case).

Anyways, while the results have been very interesting and promising, theyre extremely random, short, can't be called without lots of concentration and effort, and often nothing happens at all. Mainly, any advice on how to 'better' visualize would be very welcome, whether its better ways to clear my head (or if I should), or anything similar.

For example, one thing I found is that its a little easier (sometimes) when I imagine I'm ttying to see something just outside my line of sight, then, instead of actually turning my eyes towards it, I imagine I'm looking towards it, if that makes sense. Either way, everything I'm doing is very inconsistent and fails like 90% of the time-",TheSouthPen,light,,,[],True,self,t2_5t58x1ra,,,False,,,t5_2qnc9,text,False,0,0,False,,True,
,,1750249405,,False,False,Question ❓,[],reddit,6,False,,False,False,False,[],[],01dbfb9a-dfc9-11eb-8cad-8e3dc5b8a997,,,False,False,1lefp6z,,0,,/r/Meditation/comments/1lefp6z/aphantasia_understanding_through_meditation_any/,False,1750249389,,False,public,False,False,self.Meditation,,,,#64c4c3,,False,False,False,False,,2,"Aphantasia understanding through meditation, any insights?",2,t3_1lefp6z,{},,,,r/Meditation,,[],richtext,,False,3499046,False,6,False,,False,"{'is_edited': True, 'removal_type': 'reddit', 'retrieved_2nd_on': 1750378997, 'was_initially_deleted': True}",,3,,https://www.reddit.com/r/Meditation/comments/1lefp6z/aphantasia_understanding_through_meditation_any/,,1750249389,Meditation,0,True,,,1,,False,{},"[{'e': 'text', 't': 'Question ❓'}]",[],False,False,False,{},,False,,"Hey y'all, I've never met anyone else with aphantasia (no minds eye) and much less an aphant meditator.
I've been meditating for about 4 years and have been an aphant my whole life. I often use meditation to learn explore my aphantasia, more especifically whether (1) our bodymind does experience mental imaging and we are unable to be aware of it, OR (2) our mind uses concepts or words as I previously thought.

Research on this is very rare AND recent, but some studies seem to point more towards option (1), but it almost sounds as opposite from what I've learned about my psyche so far . I was wondering if any of you guys have had any insights through meditation on how this works",HugeProgrammer3859,light,,,[],True,self,t2_14ihpv6ty8,,,False,,,t5_2qnc9,text,False,0,0,False,,True,
,,1738790705,,False,False,Question ❓,[],reddit,6,False,,False,False,False,[],[],01dbfb9a-dfc9-11eb-8cad-8e3dc5b8a997,,,False,False,1iilbox,,0,,/r/Meditation/comments/1iilbox/how_to_start_meditating_while_having_aphantasia/,False,1738790689,,False,public,False,False,self.Meditation,,,,#64c4c3,,False,False,False,False,,1,How to start meditating while having aphantasia,1,t3_1iilbox,{},,,,r/Meditation,,[],richtext,,False,3390177,False,6,False,,False,{'retrieved_2nd_on': 1738920306},,1,,https://www.reddit.com/r/Meditation/comments/1iilbox/how_to_start_meditating_while_having_aphantasia/,,1738790689,Meditation,0,True,,,1,,False,{},"[{'e': 'text', 't': 'Question ❓'}]",[],False,False,False,{},,False,,[removed],Vegetable_Student816,light,,,[],True,self,t2_18ud5pzadd,,,False,,,t5_2qnc9,text,False,0,0,False,,True,
,,1738204754,,False,False,Question ❓,[],,6,True,,False,False,False,[],[],01dbfb9a-dfc9-11eb-8cad-8e3dc5b8a997,,,False,False,1idc453,,0,,/r/Meditation/comments/1idc453/meditating_with_aphantasia/,False,1738204738,,False,public,False,False,self.Meditation,,,,#64c4c3,,False,True,False,False,,2,Meditating with aphantasia,2,t3_1idc453,{},,,,r/Meditation,,[],richtext,,False,3365320,False,6,False,,False,{'retrieved_2nd_on': 1738334348},,15,,https://www.reddit.com/r/Meditation/comments/1idc453/meditating_with_aphantasia/,,1738204738,Meditation,0,True,,,0.6700000166893005,,False,{},"[{'e': 'text', 't': 'Question ❓'}]",[],False,False,False,{},,False,,"I recently realized I have this condition. It may seem like it should be obvious, but it's not.  It's easy to assume your experience is the norm  since that's all you know. 

Anyway,  I was looking into chakras and decided to follow a guided meditation just for fun. 

The problem is,  the guide is asking me to breathe and picture the energy centers, the light, how it flows, where it flows. I don't actually see anything,  so I started to realize maybe this method is not helpful for me. 

Is there better methods for those who cannot easily picture stuff to focus on?  

Interesting side note:  if trying to be mindful for about 30min , I may finally start to see images/ visions in the darkness,  but they're short lived. I thought that was Interesting. ",IsaystoImIsays,light,,,[],True,self,t2_cwk9a,,,False,,,t5_2qnc9,text,False,0,0,False,,True,
,,1728480135,,False,False,Question ❓,[],,6,True,,False,False,False,[],[],01dbfb9a-dfc9-11eb-8cad-8e3dc5b8a997,,,False,False,1fzra1s,,0,,/r/Meditation/comments/1fzra1s/i_have_aphantasia_no_visual_imagination_what_do/,False,1728480118,,False,public,False,False,self.Meditation,,,,#64c4c3,all_ads,False,True,False,False,,9,"I have aphantasia (no visual imagination), what do you meditate about?",9,t3_1fzra1s,{},,,,r/Meditation,,[],richtext,,False,2987004,False,6,False,,False,{'retrieved_2nd_on': 1728609763},,159,,https://www.reddit.com/r/Meditation/comments/1fzra1s/i_have_aphantasia_no_visual_imagination_what_do/,,1728480118,Meditation,0,True,,,0.6899999976158142,,False,{},"[{'e': 'text', 't': 'Question ❓'}]",[],False,False,False,{},,False,,"I have aphantasia so meditation to me is a lot different from other people. I don’t have visual imagination but not really just that. I can’t put visuals into my mind at all and I’ve never been able to since birth. The idea of seeing something in your mind is absurd to me and only makes sense in a dream or something not while I’m awake. 

If you have aphantasia and meditate, what do you do? And also for people who can visualize, why do you meditate and when do you feel like you should meditate?",darkerjerry,light,,,[],True,self,t2_bs19lmph,,all_ads,False,,,t5_2qnc9,text,False,0,0,False,,True,
,,1728150559,,False,False,Question ❓,[],,6,True,,False,False,False,[],[],01dbfb9a-dfc9-11eb-8cad-8e3dc5b8a997,,,False,False,1fww25b,,0,,/r/Meditation/comments/1fww25b/for_those_with_aphantasia_how_do_you_meditate/,False,1728150544,,False,public,False,False,self.Meditation,,,,#64c4c3,all_ads,False,True,False,False,,0,"For those with aphantasia, how do you meditate?",0,t3_1fww25b,{},,,,r/Meditation,,[],richtext,,False,2973872,False,6,False,,False,"{'is_edited': True, 'removal_type': 'deleted', 'retrieved_2nd_on': 1728280150, 'was_deleted_later': True}",,0,,https://www.reddit.com/r/Meditation/comments/1fww25b/for_those_with_aphantasia_how_do_you_meditate/,,1728150544,Meditation,0,True,,,0.5,,False,{},"[{'e': 'text', 't': 'Question ❓'}]",[],False,False,False,{},,False,,"Aphantasia is described as a condition where people are unable to create mental images in their minds. 

It has been said that even possessing an internal monologue is very rare as well.

For those who have this condition, how have you approached the practice of meditation? Has some aspects been easier, harder, or just ineffective in your experience.
",Smart-A22,light,,,[],True,self,t2_brkurf2r,,all_ads,False,,,t5_2qnc9,text,False,0,0,False,,True,
,,1727930976,,False,False,Question ❓,[],,6,True,,False,False,False,[],[],01dbfb9a-dfc9-11eb-8cad-8e3dc5b8a997,,,False,False,1fv010y,,0,,/r/Meditation/comments/1fv010y/aphantasia_and_meditation/,False,1727930958,,False,public,False,False,self.Meditation,,,,#64c4c3,all_ads,False,True,False,False,,0,Aphantasia and Meditation ,0,t3_1fv010y,{},,,,r/Meditation,,[],richtext,,False,2965679,False,6,False,,False,{'retrieved_2nd_on': 1728060564},,8,,https://www.reddit.com/r/Meditation/comments/1fv010y/aphantasia_and_meditation/,,1727930958,Meditation,0,True,,,0.33000001311302185,,False,{},"[{'e': 'text', 't': 'Question ❓'}]",[],False,False,False,{},,False,,"
I recently discovered that I have aphantasia, which basically means I don't have a ""mind's eye."" I can't visualize images in my head at all. It's always been difficult for me to do things like picture a scene from a book or even do simple math in my head.
The thing is, I also meditate regularly. And I've always found it pretty easy to clear my mind during meditation. I guess because there are no images to get rid of, just thoughts. I can just sweep those away and I'm left with...nothingness.
I was blown away when I learned that most people can actually create vivid images in their minds, almost like a movie playing. It's a totally foreign concept to me.
I'm curious, for those of you who also have aphantasia, how does it affect your meditation practice? Do you find it easier to reach a state of mental stillness? Or do you face different challenges?
",NobodyProof9031,light,,,[],True,self,t2_7ran7qox,,all_ads,False,,,t5_2qnc9,text,False,0,0,False,,True,
,,1722608270,,False,False,Question ❓,[],,6,True,,False,False,False,[],[],01dbfb9a-dfc9-11eb-8cad-8e3dc5b8a997,,,False,False,1eib74y,,0,,/r/Meditation/comments/1eib74y/aphantasia/,False,1722608254,,False,public,False,False,self.Meditation,,,,#64c4c3,all_ads,False,True,False,False,,3,Aphantasia,3,t3_1eib74y,{},,,,r/Meditation,,[],richtext,,False,2730472,False,6,False,,False,{'retrieved_2nd_on': 1722737866},,6,,https://www.reddit.com/r/Meditation/comments/1eib74y/aphantasia/,,1722608254,Meditation,0,True,,,0.7200000286102295,,False,{},"[{'e': 'text', 't': 'Question ❓'}]",[],False,False,False,{},,False,,"This probably has been discussed before but I couldn't find it when I searched, so sorry if it is.

I've been ""trying"" to meditate for four years now.  I have tried guided meditation and I've tried just doing it on my own.  I don't know that I'm doing a specific ""style"".  I want to be able to do manifestation work.  Do to issues with my knees and back, I'm not able to sit up to meditate, so I lay in my bed, because my bedroom is the quietest room in my house.  

Now that I've laid that all out, I don't feel my meditation is successful because I'm not able to visualize.  I've been told that to manifest, I should visualize what I'm trying to manifest as if it's already happened.  

I just feel I'm not getting all the benefits without being able to visualize.  Are there are ways to manifestation and meditate without visualization?  

I appreciate your help and support. ",Plus_Cicada_746,light,,,[],True,self,t2_i6mygw6s,,all_ads,False,,,t5_2qnc9,text,False,0,0,False,,True,
,,1718928046,,False,False,Question ❓,[],,6,True,,False,False,False,[],[],01dbfb9a-dfc9-11eb-8cad-8e3dc5b8a997,,,False,False,1dkqdlf,,0,,/r/Meditation/comments/1dkqdlf/aphantasia_and_meditation/,False,1718928028,,False,public,False,False,self.Meditation,,,,#64c4c3,all_ads,False,True,False,False,,2,Aphantasia and meditation ,2,t3_1dkqdlf,{},,,,r/Meditation,,[],richtext,,False,2564503,False,6,False,,False,{'retrieved_2nd_on': 1719057640},,7,,https://www.reddit.com/r/Meditation/comments/1dkqdlf/aphantasia_and_meditation/,,1718928028,Meditation,0,True,,,0.75,,False,{},"[{'e': 'text', 't': 'Question ❓'}]",[],False,False,False,{},,False,,"I very recently (yesterday!!!!) learned that people can see images in their brain. Like, when you think of an apple you can picture an apple. My mind is blown!! I just always  thought “imagine you’re in a field” was a metaphor and you were trying to recreate those peaceful feelings. I feel incredibly sad I can’t visualize. When I try to picture something I just see black. With all that being said it makes sense why I’ve had such a hard time with visualization and meditation. Am wondering if anyone else here has aphantasia and how they’re able to mediate?? ",desertbeachrat,light,,,[],True,self,t2_vnj5d4uga,,all_ads,False,,,t5_2qnc9,text,False,0,0,False,,True,
,,1718562867,,False,False,Question ❓,[],,6,True,,False,False,False,[],[],01dbfb9a-dfc9-11eb-8cad-8e3dc5b8a997,,,False,False,1dhe1ee,,0,,/r/Meditation/comments/1dhe1ee/meditation_and_aphantasia/,False,1718562849,,False,public,False,False,self.Meditation,,,,#64c4c3,all_ads,False,True,False,False,,4,Meditation and Aphantasia,4,t3_1dhe1ee,{},,,,r/Meditation,,[],richtext,,False,2549228,False,6,False,,False,"{'is_edited': True, 'retrieved_2nd_on': 1718692470}",,11,,https://www.reddit.com/r/Meditation/comments/1dhe1ee/meditation_and_aphantasia/,,1718562849,Meditation,0,True,,,0.8399999737739563,,False,{},"[{'e': 'text', 't': 'Question ❓'}]",[],False,False,False,{},,False,,"Hi, hello. This is going to be a long read, so please bear with me.

----------------------------------------------------------------------
*Tl;dr:* I suffer from aphantasia and would like to know how it is to imagine and if it's even possible for me to begin meditating.
----------------------------------------------------------------------

I have always the subject of meditation fascinating, but I have never brought myself to try it out due to an irrational fear of inadequacy and other external factors that brought me to associate meditation with losing control over myself. 

I've been struggling to remove that mindset for many years and, now that I am rediscovering myself, I chose to try out meditation. Here, I've been hit with a harsh reality: *I have aphantasia*.

Now that I realize I have never used my imagination in my 22 years of life, I am unsure where to even begin. I don't know how to think or visualize, but I refuse to believe I can't use my imagination. By starting to tackle this issue little by little, I am theoretically supposed to start developing the associative and imaginating part of my brain that I have underused throughout all my life. 

That being said, it would be very appreciated to know how you first started your meditatory process and if you have any tips for beginners and any personal advice for me. Any little information works, even those that seem obvious or logically implied.

That being said, I thank you all for having taken in consideration my read and for having beared through all my aimless blabbering 😅. Have a great day! 

",LoreBrum,light,,,[],True,self,t2_a5b3hy2x,,all_ads,False,,,t5_2qnc9,text,False,0,0,False,,True,
,0,1711125883,,False,False,Question ❓,[],,6,True,,True,False,False,[],[],01dbfb9a-dfc9-11eb-8cad-8e3dc5b8a997,,,False,False,1bl3ssr,,0,[],/r/Meditation/comments/1bl3ssr/i_wish_i_could_meditate_but_i_have_aphantasia/,False,1711125868,,False,public,False,False,self.Meditation,,,,#64c4c3,all_ads,False,True,False,False,,12,I wish I could meditate but I have aphantasia ,12,t3_1bl3ssr,{},,,,r/Meditation,,[],richtext,,False,2235113,False,6,False,,False,{'note': 'no_2nd_retrieval'},,55,,https://www.reddit.com/r/Meditation/comments/1bl3ssr/i_wish_i_could_meditate_but_i_have_aphantasia/,,1711125868,Meditation,0,True,,,1,,False,{},"[{'e': 'text', 't': 'Question ❓'}]",[],False,False,False,{},,False,,I cannot imagine or picture. I don't feel any different when I focus on my breath. Tensing and releasing muscles doesn't change how I feel emotionally. I have ptsd. I need to be able to have mindfulness. Some way to stop my constant depressing thoughts. I've been practicing for years with no change. I can't feel anything but sadness and fear literally. I want to feel what people feel who are in a meditative state experience. It sounds amazing. I need some way to cope with this pain. I don't have any control over my thoughts or feelings. I wish I could choose thoughts and feelings even briefly. They control me. ,lostmedownthespiral,light,,,[],True,self,t2_kpwly82c,,all_ads,False,,,t5_2qnc9,text,False,0,0,False,,True,
,0,1711095155,,False,False,Question ❓,[],,6,True,,True,False,False,[],[],01dbfb9a-dfc9-11eb-8cad-8e3dc5b8a997,,,False,False,1bku4sw,,0,[],/r/Meditation/comments/1bku4sw/meditation_with_aphantasia/,False,1711095137,,False,public,False,False,self.Meditation,,,,#64c4c3,all_ads,False,True,False,False,,6,Meditation with aphantasia ,6,t3_1bku4sw,{},,,,r/Meditation,,[],richtext,,False,2233985,False,6,False,,False,{'note': 'no_2nd_retrieval'},,9,,https://www.reddit.com/r/Meditation/comments/1bku4sw/meditation_with_aphantasia/,,1711095137,Meditation,0,True,,,1,,False,{},"[{'e': 'text', 't': 'Question ❓'}]",[],False,False,False,{},,False,,"Recently I've been following guided meditations for aphantasia on YouTube as one thing that's really made me feel bad at meditation is not being able to imagine me walking down a set of stairs or through a large green meadow.
I don't know why I've waited so long to search for this (actually I do, I recently learned about aphantasia and now realise that most people CAN see an image when they imagine one?!) I'm here just saying what the image would look like in my head ie. ""so these are marble stairs with gold flecks in them *sees nothing but black* and gold bannisters *still seeing nothing but black* and I put my foot on the first step *pitch black* and start to descend down the stairs *a void of blackness* 

How many other people have quit trying meditation because they think it's not working or they're doing it wrong due to not ""seeing"" the guided imagery? 

Has anyone got suggestions for good meditation practices for aphantasia? 
",Severallongpauses37,light,,,[],True,self,t2_vnccxvn1,,all_ads,False,,,t5_2qnc9,text,False,0,0,False,,True,
,0,1709288430,,False,False,Spirituality :energy:,[],,6,True,,True,False,False,[],[],eac817ea-dfc8-11eb-99ed-0e97a5ba53af,,,False,False,1b3qztk,,0,[],/r/Meditation/comments/1b3qztk/i_never_dream_have_aphantasia_rarely_any_thoughts/,False,1709288416,,False,public,False,False,self.Meditation,,,,#ece6ce,all_ads,False,True,False,False,,2,"I never dream, have Aphantasia, rarely any thoughts & no internal monologue ",2,t3_1b3qztk,{},,,,r/Meditation,,[],richtext,,False,2174782,False,6,False,,False,{'note': 'no_2nd_retrieval'},,6,,https://www.reddit.com/r/Meditation/comments/1b3qztk/i_never_dream_have_aphantasia_rarely_any_thoughts/,,1709288416,Meditation,0,True,,,1,,False,{},"[{'e': 'text', 't': 'Spirituality '}, {'a': ':energy:', 'e': 'emoji', 'u': 'https://emoji.redditmedia.com/w0hzziojl5a71_t5_2qnc9/energy'}]",[],False,False,False,{},,False,,"Am I broken? 😭 Nothing excites me, it's like I've seen it all before, some spiritual guides have called me an OLD SOUL

When I was born there were complications, I was being strangled by intestines and went 8 min without oxygen..... Unfortunately I survived it somehow and thankfully I'm as normal as possible considering what I could of been living with all this time

I have no thoughts
No Emotions anymore
When I Imagine or Meditate I see nothing but BLACK
No inner life or memories anymore
I dream about once a month if I'm lucky, nightmares are the most vivid 

I have no spontaneous thoughts, ideas, no songs playing in my head, no images or memories popping up. I also can't seem to recall memories or knowledge unless it's on an as needed basis.

I have no emotions at all. My body feels dead and lifeless.
My mind is always blank, on autopilot and numb.

I can't even have spoken conversations, my whole dialogue can fit on a sound board 

I plan on returning myself to the toy factory 🏭  here in the next year with the help of #Nembutal (pentobarbital sodium) barbiturate 💔

I guess my soul departed too early 👻 

🕉️🙏☮️",Be_A_Better_Soul,dark,,,[],True,self,t2_r5l5wre3x,,all_ads,False,,,t5_2qnc9,text,False,0,0,False,,True,
,0,1702360802,,False,False,Question ❓,[],,6,True,,False,False,False,[],[],01dbfb9a-dfc9-11eb-8cad-8e3dc5b8a997,,,False,False,18gf4gp,,0,[],/r/Meditation/comments/18gf4gp/any_specific_meditation_practices_for_people_who/,False,1702360786,,False,public,False,False,self.Meditation,,,,#64c4c3,all_ads,False,True,False,False,,1,Any specific meditation practices for people who have aphantasia?,1,t3_18gf4gp,{},,,,r/Meditation,,[],richtext,,False,1958424,False,6,False,,False,{'retrieved_2nd_on': 1702490395},,6,,https://www.reddit.com/r/Meditation/comments/18gf4gp/any_specific_meditation_practices_for_people_who/,,1702360786,Meditation,0,True,,,0.5,,False,{},"[{'e': 'text', 't': 'Question ❓'}]",[],False,False,False,{},,False,,I've never followed a specific meditation practice because a lot of what I read relied on visualisation or 'recall feelings'. I can't do any of those things. Any advice?,eastwestshuffler,light,,,[],True,self,t2_mpjh53u3l,,all_ads,False,,,t5_2qnc9,text,False,0,0,False,,False,
,0,1701271230,,False,False,Question ❓,[],,6,True,,False,False,False,[],[],01dbfb9a-dfc9-11eb-8cad-8e3dc5b8a997,,,False,False,186ruqn,,0,[],/r/Meditation/comments/186ruqn/i_have_aphantasia_but_started_seeing_colors/,False,1701271214,,False,public,False,False,self.Meditation,,,,#64c4c3,all_ads,False,True,False,False,,3,"I have aphantasia, but started seeing colors during meditation? I don't know how to progress",3,t3_186ruqn,{},,,,r/Meditation,,[],richtext,,False,1925247,False,6,False,,False,{'retrieved_2nd_on': 1701400822},,7,,https://www.reddit.com/r/Meditation/comments/186ruqn/i_have_aphantasia_but_started_seeing_colors/,,1701271214,Meditation,0,True,,,0.8100000023841858,,False,{},"[{'e': 'text', 't': 'Question ❓'}]",[],False,False,False,{},,False,,"To start off I have aphantasia, meaning I can't visualize. I have very vivid dreams, but thats it. If someone says picture a red apple, I can't. I started meditation a few days ago for my stress and I want to become more spiritual. I done some meditation in the past so I decided to revisit it.

I am able to relax my body through breath work. My body first feels heavy then begins to feel light. When I calm my thoughts is when my eyes automatically roll back toward my forhead and I can't roll them back down. Its very intense and can hurt sometimes. 

Recently, I've started seeing a green light between my eyes like it's coming out of my forehead when my eyes start rolling back and my body starts to lift. It shocks me everytime because the light is so bright behind my eyes and I haven't experienced any kind of visualization like this before. Kinda feels like a flashlight is being held over my face with how bright it can be. I still cant visualize in my normal day, but now during meditation flashes of light occur?

I don't know how to proceed after this. When it happens, it immediately pulls me out of meditation and when my eyes roll, sometimes my lids open. How  do I maintain the level of meditation I'm at without being overwhelmed by what is happening during meditation?",Responsible-Talk-786,light,,,[],True,self,t2_9k7d6107,,all_ads,False,,,t5_2qnc9,text,False,0,0,False,,True,
,0,1697158369,,False,False,Question ❓,[],,6,True,,False,False,False,[],[],01dbfb9a-dfc9-11eb-8cad-8e3dc5b8a997,,,False,False,176mfyq,,0,[],/r/Meditation/comments/176mfyq/is_my_aphantasia_precluding_mr_from_this/,False,1697158353,,False,public,False,False,self.Meditation,,,,#64c4c3,all_ads,False,True,False,False,,1,Is my aphantasia precluding Mr from this meditation exercise or is it genuinely hard?,1,t3_176mfyq,{},,,,r/Meditation,,[],richtext,,False,1818029,False,6,False,,False,{'retrieved_2nd_on': 1754972933},,1,,https://www.reddit.com/r/Meditation/comments/176mfyq/is_my_aphantasia_precluding_mr_from_this/,,1697158353,Meditation,0,True,,,0.6000000238418579,,False,{},"[{'e': 'text', 't': 'Question ❓'}]",[],False,False,False,{},,False,,"I’m going through the Waking up beginner course and I hit a wall.  I’ve now repeated meditation 12 several times with zero luck.

The prompt at one point says:

“Think of something that embarrassed you angered you, invoke a negative emotion, something that doesn’t make you feel good.  The moment you feel something negative feel it clearly without resistance. Where is it that you feel anger or annoyance or embarrassment.  Is it in your face, or your chest?
How do you know that you feel anything at all?”

I got nothing.

I can clearly think of situations that were embarrassing where in the moment I got upset and flustered etc but no amount of thinking about it brings about anything at all that I’d consider an emotional reaction.

I sit there thinking of one of my sons who when punished would run outside and scream at the top of his lungs for all the neighbors to hear as if he’d been abused or something (he was being sent to bed or having devices restricted) which I clearly remember angering me and making me embarrassed but I feel NOTHING.

I sit and think of a coworker I’d always been friendly and helpful to who got upset when I got a promotion and clearly undermined me in every way he could (even while being reprimanded by management) … nothing.  At all.  Nada. Zip",whitemiata,light,,,[],True,self,t2_6thqpv,,all_ads,False,,,t5_2qnc9,text,False,0,0,True,,False,
,0,1696731024,,False,False,Question ❓,[],,6,True,,False,False,False,[],[],01dbfb9a-dfc9-11eb-8cad-8e3dc5b8a997,,,False,False,172ni9z,,0,[],/r/Meditation/comments/172ni9z/does_anyone_else_have_aphantasia/,False,1696731008,,False,public,False,False,self.Meditation,,,,#64c4c3,all_ads,False,True,False,False,,6,Does anyone else have aphantasia?,6,t3_172ni9z,{},,,,r/Meditation,,[],richtext,,False,1809210,False,6,False,,False,{'retrieved_2nd_on': 1754907122},,11,,https://www.reddit.com/r/Meditation/comments/172ni9z/does_anyone_else_have_aphantasia/,,1696731008,Meditation,0,True,,,0.800000011920929,,False,{},"[{'e': 'text', 't': 'Question ❓'}]",[],False,False,False,{},,False,,"Aphantasia is often described as a visual condition, but it's actually multisensory. People who experience a lack of mental imagery can have a reduced capacity to access other mental senses (imagining sound, movement, smell, taste, and touch). Approximately 2-5% of people have aphantasia. 

For me, not only when I close my eyes do I not picture anything (ever) I never ‘pull up’/reexperiance without it actually being there smells or taste and I can’t even imagine a what it would be like to I’m not even sure what the right would would be for it for movement and touch. It’s not like I don’t remember things. It’s just everything is facts in my head. I can describe and draw and apple because I’ve seen an apple… I just can’t picture and apple in my head and I definitely can’t experience the taste, texture, etc of an apple without an apple… if that makes since. 

Is anyone else like this? Meditation helps me in my life but I still feel kinda jipped that I don’t experience what others do. Has anyone discovered benefits to having this when it comes to meditation?",DancingDucks73,light,,,[],True,self,t2_vhu2zebr,,all_ads,False,,,t5_2qnc9,text,False,0,0,True,,True,
,0,1692896868,,False,False,Question ❓,[],moderator,6,False,,False,False,False,[],[],01dbfb9a-dfc9-11eb-8cad-8e3dc5b8a997,,,True,False,1607so7,,0,[],/r/Meditation/comments/1607so7/does_anyone_else_have_aphantasia/,False,1692896865,,False,public,False,False,self.Meditation,,,,#64c4c3,all_ads,False,False,False,False,,1,Does anyone else have aphantasia?,1,t3_1607so7,{},,,,r/Meditation,,[],richtext,,False,1721025,False,6,False,,False,"{'edited_title': '[deleted by user]', 'removal_type': 'moderator', 'retrieved_2nd_on': 1754289928, 'was_initially_deleted': True}",,1,,https://www.reddit.com/r/Meditation/comments/1607so7/does_anyone_else_have_aphantasia/,,1692896865,Meditation,0,True,,,1,,False,{},"[{'e': 'text', 't': 'Question ❓'}]",[],False,False,False,{},,False,,[removed],DancingDucks73,light,,,[],True,self,t2_vhu2zebr,,all_ads,False,,,t5_2qnc9,text,False,0,0,True,,True,
